{"cameraMode":{"drawMode":0,"name":"Shaded","section":"Shading Mode"},"sceneLighting":true,"audioPlay":false,"sceneViewState":{"m_AlwaysRefresh":false,"showFog":true,"showSkybox":true,"showFlares":true,"showImageEffects":true,"showParticleSystems":true,"showVisualEffectGraphs":true,"m_FxEnabled":true},"in2DMode":false,"pivot":{"x":92.85560607910156,"y":83.17323303222656,"z":-39.394676208496097},"rotation":{"x":0.0003018694696947932,"y":0.22164088487625123,"z":-0.00006861818837933242,"w":0.9751337170600891},"size":191.17025756835938,"orthographic":false}